{"cameraMode":{"drawMode":0,"name":"Shaded","section":"Shading Mode"},"sceneLighting":true,"audioPlay":false,"sceneViewState":{"m_AlwaysRefresh":false,"showFog":true,"showSkybox":true,"showFlares":true,"showImageEffects":true,"showParticleSystems":true,"showVisualEffectGraphs":true,"m_FxEnabled":true},"in2DMode":false,"pivot":{"x":17.458799362182618,"y":5.986666202545166,"z":12.204950332641602},"rotation":{"x":0.7323473691940308,"y":-0.014294837601482869,"z":0.015381588600575924,"w":0.6806077361106873},"size":13.43741226196289,"orthographic":true}