{"cameraMode":{"drawMode":0,"name":"Shaded","section":"Shading Mode"},"sceneLighting":true,"audioPlay":false,"sceneViewState":{"m_AlwaysRefresh":false,"showFog":true,"showSkybox":true,"showFlares":true,"showImageEffects":true,"showParticleSystems":true,"showVisualEffectGraphs":true,"m_FxEnabled":true},"in2DMode":false,"pivot":{"x":23.106523513793947,"y":3.0583689212799074,"z":5.100144386291504},"rotation":{"x":0.0951080396771431,"y":-0.5898181200027466,"z":0.07022154331207276,"w":0.7988380789756775},"size":1.1107224225997925,"orthographic":false}