{"cameraMode":{"drawMode":0,"name":"Shaded","section":"Shading Mode"},"sceneLighting":false,"audioPlay":false,"sceneViewState":{"m_AlwaysRefresh":false,"showFog":true,"showSkybox":false,"showFlares":true,"showImageEffects":true,"showParticleSystems":true,"showVisualEffectGraphs":true,"m_FxEnabled":true},"in2DMode":false,"pivot":{"x":0.307095468044281,"y":0.5715887546539307,"z":-1.5909799337387086},"rotation":{"x":0.3197801411151886,"y":-0.004263711627572775,"z":0.0014390107244253159,"w":0.9474833011627197},"size":1.705098271369934,"orthographic":true}